73776,10,18,16,"Video: Revelan detalles del iPhone 8; podría salir en 2018",http://www.aztecanoticias.com.mx/notas/tecnologia-y-educacion/261500/video-revelan-detalles-del-iphone-8-podria-salir-en-2018,"Una filial de Apple en Israel hizo públicos algunos detalles del siguiente modelo que llegará al mercado.",cienciaYtecnologia
73950,10,18,16,"Amazon va contra Spotify y Apple Music y lanza servicio de música",http://www.razon.com.mx/spip.php?article324510," Cuenta con un catálogo de decenas de millones de canciones; tendrá un costo de ocho dólares mensuales ",cienciaYtecnologia
73964,10,18,16,"Tras crisis de Samsung, ahora explota un iPhone 7",http://www.razon.com.mx/spip.php?article323391," Un cliente reportó que cuando recibió el quipo éste ya había explotado; hasta el momento Apple no se ha pronunciado por el caso ",cienciaYtecnologia
73965,10,18,16,"VIDEO Joven destruye iPhones con bola de acero en una tienda Apple",http://www.razon.com.mx/spip.php?article323316," Acusa que la marca no respetó la garantía de su equipo y no le devolvió su dinero; los daños se calculan en miles de euros ",cienciaYtecnologia
76350,10,19,16,"Video: Revelan detalles del iPhone 8; podría salir en 2018",http://www.aztecanoticias.com.mx/notas/tecnologia-y-educacion/261500/video-revelan-detalles-del-iphone-8-podria-salir-en-2018,"Una filial de Apple en Israel hizo públicos algunos detalles del siguiente modelo que llegará al mercado.",cienciaYtecnologia
76521,10,19,16,"Amazon va contra Spotify y Apple Music y lanza servicio de música",http://www.razon.com.mx/spip.php?article324510," Cuenta con un catálogo de decenas de millones de canciones; tendrá un costo de ocho dólares mensuales ",cienciaYtecnologia
76535,10,19,16,"Tras crisis de Samsung, ahora explota un iPhone 7",http://www.razon.com.mx/spip.php?article323391," Un cliente reportó que cuando recibió el quipo éste ya había explotado; hasta el momento Apple no se ha pronunciado por el caso ",cienciaYtecnologia
129599,9,21,16,"Asia le da tibia bienvenida al iPhone 7",http://www.aztecanoticias.com.mx/notas/tecnologia-y-educacion/260514/asia-le-da-tibia-bienvenida-al-iphone-7,"Fanáticos de Apple desde Sídney a Shanghái vitorearon al salir de los comercios el viernes con sus nuevos iPhones.",cienciaYtecnologia
129630,9,21,16,"Apple no dará a conocer ventas del iPhone 7 en 1er fin de semana",http://www.aztecanoticias.com.mx/notas/tecnologia-y-educacion/259857/apple-no-dara-a-conocer-ventas-del-iphone-7-en-1er-fin-de-semana,"Apple no dará a conocer las ventas del recién anunciado iPhone 7 en su primer fin de semana en el mercado.",cienciaYtecnologia
129634,9,21,16,"Apple presenta el iPhone 7, anuncia llegada de Pokémon Go a su reloj",http://www.aztecanoticias.com.mx/notas/tecnologia-y-educacion/259782/apple-presenta-el-iphone-7-anuncia-llegada-de-pokemon-go-a-su-reloj,"Durante el evento que realiza Apple San Francisco, California, lanzó el iPhone 7.",cienciaYtecnologia
129636,9,21,16,"Se espera que Apple presente nuevas versiones de su iPhone",http://www.aztecanoticias.com.mx/notas/tecnologia-y-educacion/259754/se-espera-que-apple-presente-nuevas-versiones-de-su-iphone,"Se espera que Apple presente nuevas versiones de su iPhone y un reloj inteligente.",cienciaYtecnologia
129640,9,21,16,"Llegará iPhone 7 el próximo miércoles, ¿qué tiene de nuevo?",http://www.aztecanoticias.com.mx/notas/tecnologia-y-educacion/259587/llegara-iphone-7-el-proximo-miercoles--que-tiene-de-nuevo-,"El nuevo teléfono de la marca Apple será lanzado el 7 de septiembre.",cienciaYtecnologia
129643,9,21,16,"Presumen ser los primeros en tener un iPhone 7 tras acampar varias horas",http://www.razon.com.mx/spip.php?article321742," Australianos fueron los primeros en adquirir el nuevo equipo de Apple; reportan que en Sydney ya no hay iPhone 7 Plus ",cienciaYtecnologia
129644,9,21,16,"El próximo 24 de septiembre abrirá Apple Store en México",http://www.razon.com.mx/spip.php?article321733," Se inaugurará una semana después de la llegada del nuevo iPhone 7; estará ubicada en el centro comercial Santa Fe ",cienciaYtecnologia
129649,9,21,16,"Cámara, lo que más deslumbra de nuevo Iphone",http://www.razon.com.mx/spip.php?article320920," Apple sin cumplir las expectativas; resistente al agua, pero sus competidores ya tienen esta cualidad; ofrece hasta dos horas más de batería y zoom óptico ",cienciaYtecnologia
129650,9,21,16,"¿Cuáles son los cambios en el iPhone7 presentado por Apple?",http://www.razon.com.mx/spip.php?article320842," Tim Cook dijo que es el mejor iPhone jamás creado, con un gran diseño; incorpora el sistema operativo iOS 10 ",cienciaYtecnologia
129655,9,21,16,"Apple podría presentar nuevo iPhone la semana próxima",http://www.razon.com.mx/spip.php?article319847," Ha enviado invitaciones a periodistas especializados y analistas del sector a un evento el próximo 7 de septiembre; aún no hay detalles del nuevo equipo ",cienciaYtecnologia
129660,9,21,16,"Apple actualiza iPhones tras descubrir falla en seguridad",http://www.razon.com.mx/spip.php?article319432," Se encontró un software de espionaje; pretendían ingresar al iPhone de un activista árabe ",cienciaYtecnologia
129664,9,21,16,"Ya puedes descargar macOS Sierra de forma gratuita",http://www.lacronica.com/EdicionEnlinea/Notas/CienciayTecnologia/20092016/1129879-Ya-puedes-descargar-macOS-Sierra-de-forma-gratuita.html," Apple lanzó oficialmente macOS Sierra (antes llamado OS X), una nueva versión del sistema operativo para línea de computadoras Mac y Macbook, con algunas nuevas opciones como la integración de la asistente digital Siri.La descarga está disponible de forma gratuita desde la App Store, en la que sólo te pedirá ingresar tu información de usuario. Una vez terminada la descarga podrás abrir el instalador que te irá guiando a través del proceso.Tomará aproximadamente media hora para su instalación, dependiendo de las especificaciones de tu Mac.SiriSin duda alguna, Siri es la principal característica de Sierra, que ha abierto un mundo de posibilidades para la plataforma con las aplicaciones de terceros: ahora es capaz de pedir un Uber, buscar reseñas de restaurantes cercanos a ti, controlar la reproducción de Apple Music e incluso leer tu correo electrónico.Además sus resultados pueden añadirse al Centro de Notificaciones para futuras referencias.PestañasAhora todas las aplicaciones que puedan abrir más de una ventana para su uso, soportan la organización de estas a través de pestañas, haciendo más cómoda su visualización.Apple PayMuchas páginas de Internet comenzaron a soportar la función de Apple Pay para versiones de escritorio, en donde desde la comodidad de tu casa puedes comprar directamente con las tarjetas bancarias que tengas seleccionadas en tu iPhone, iPad o Apple Watch.Desbloqueo sin manosAl igual que Apple Pay, macOS te permite ahora desbloquear tu computadora cuando detecta que estás cerca, mientras utilices cualquier Apple Watch con watchOS 3.Compartir archivos y el Portapapeles UniversalSierra permite acceder a los mismos archivos desde cualquier computadora de Apple a la que tengas acceso, esto a través de su servicio de almacenamiento en la nube iCloud.La opción está disponible por defecto cuando actualizas el sistema operativo, asumiendo que tienes suficiente espacio en esa plataforma. Hace un respaldo de todos los archivos y los guarda automáticamente cada que haces un cambio en cualquier dispositivoApple también añadió un Portapapeles Universal, que permite copiar y pegar bloques de texto de un archivo a otro entre diferentes dispositivos.Optimización de almacenamientoLa función analiza automáticamente la unidad de almacenamiento a intervalos regulares para encontrar cosas que podían trasladar a la nube, como imágenes antiguas, documentos y archivos similares que no son regularmente visitados.Video ‘Picture-in-Picture’Esta opción que ya estaba disponible en iPads, hace su llegada triunfal haciendo que puedas visualizar cualquier video en un formato pequeño dentro de la pantalla de tu Mac.Desafortunadamente sólo funciona con el navegador Safari, y sólo con servicios de video que hayan hecho la integración, como ESPN y Vimeo (para YouTube aún no está disponible).Fuente: SDP",cienciaYtecnologia
129678,9,22,16,"McLaren niega negociaciones con Apple",http://www.aztecanoticias.com.mx/notas/tecnologia-y-educacion/260867/mclaren-niega-negociaciones-con-apple,"Este miércoles McLaren negó un reporte de que Apple hizo una propuesta a la automotriz.",cienciaYtecnologia
129689,9,22,16,"Asia le da tibia bienvenida al iPhone 7",http://www.aztecanoticias.com.mx/notas/tecnologia-y-educacion/260514/asia-le-da-tibia-bienvenida-al-iphone-7,"Fanáticos de Apple desde Sídney a Shanghái vitorearon al salir de los comercios el viernes con sus nuevos iPhones.",cienciaYtecnologia
129720,9,22,16,"Apple no dará a conocer ventas del iPhone 7 en 1er fin de semana",http://www.aztecanoticias.com.mx/notas/tecnologia-y-educacion/259857/apple-no-dara-a-conocer-ventas-del-iphone-7-en-1er-fin-de-semana,"Apple no dará a conocer las ventas del recién anunciado iPhone 7 en su primer fin de semana en el mercado.",cienciaYtecnologia
129724,9,22,16,"Apple presenta el iPhone 7, anuncia llegada de Pokémon Go a su reloj",http://www.aztecanoticias.com.mx/notas/tecnologia-y-educacion/259782/apple-presenta-el-iphone-7-anuncia-llegada-de-pokemon-go-a-su-reloj,"Durante el evento que realiza Apple San Francisco, California, lanzó el iPhone 7.",cienciaYtecnologia
129726,9,22,16,"Se espera que Apple presente nuevas versiones de su iPhone",http://www.aztecanoticias.com.mx/notas/tecnologia-y-educacion/259754/se-espera-que-apple-presente-nuevas-versiones-de-su-iphone,"Se espera que Apple presente nuevas versiones de su iPhone y un reloj inteligente.",cienciaYtecnologia
129731,9,22,16,"Presumen ser los primeros en tener un iPhone 7 tras acampar varias horas",http://www.razon.com.mx/spip.php?article321742," Australianos fueron los primeros en adquirir el nuevo equipo de Apple; reportan que en Sydney ya no hay iPhone 7 Plus ",cienciaYtecnologia
129732,9,22,16,"El próximo 24 de septiembre abrirá Apple Store en México",http://www.razon.com.mx/spip.php?article321733," Se inaugurará una semana después de la llegada del nuevo iPhone 7; estará ubicada en el centro comercial Santa Fe ",cienciaYtecnologia
129737,9,22,16,"Cámara, lo que más deslumbra de nuevo Iphone",http://www.razon.com.mx/spip.php?article320920," Apple sin cumplir las expectativas; resistente al agua, pero sus competidores ya tienen esta cualidad; ofrece hasta dos horas más de batería y zoom óptico ",cienciaYtecnologia
129738,9,22,16,"¿Cuáles son los cambios en el iPhone7 presentado por Apple?",http://www.razon.com.mx/spip.php?article320842," Tim Cook dijo que es el mejor iPhone jamás creado, con un gran diseño; incorpora el sistema operativo iOS 10 ",cienciaYtecnologia
129743,9,22,16,"Apple podría presentar nuevo iPhone la semana próxima",http://www.razon.com.mx/spip.php?article319847," Ha enviado invitaciones a periodistas especializados y analistas del sector a un evento el próximo 7 de septiembre; aún no hay detalles del nuevo equipo ",cienciaYtecnologia
129766,9,23,16,"¿Cómo es la primera tienda Apple en México?",http://www.aztecanoticias.com.mx/notas/tecnologia-y-educacion/260981/-como-es-la-primera-tienda-apple-en-mexico-,"Esta es la primera tienda en su tipo que la marca fundada por Steve Jobs tiene en México, pues a la fecha, solo contaban con distribuidores autorizados como iShop o MacStore.",cienciaYtecnologia
129773,9,23,16,"McLaren niega negociaciones con Apple",http://www.aztecanoticias.com.mx/notas/tecnologia-y-educacion/260867/mclaren-niega-negociaciones-con-apple,"Este miércoles McLaren negó un reporte de que Apple hizo una propuesta a la automotriz.",cienciaYtecnologia
129784,9,23,16,"Asia le da tibia bienvenida al iPhone 7",http://www.aztecanoticias.com.mx/notas/tecnologia-y-educacion/260514/asia-le-da-tibia-bienvenida-al-iphone-7,"Fanáticos de Apple desde Sídney a Shanghái vitorearon al salir de los comercios el viernes con sus nuevos iPhones.",cienciaYtecnologia
129818,9,23,16,"Presumen ser los primeros en tener un iPhone 7 tras acampar varias horas",http://www.razon.com.mx/spip.php?article321742," Australianos fueron los primeros en adquirir el nuevo equipo de Apple; reportan que en Sydney ya no hay iPhone 7 Plus ",cienciaYtecnologia
129819,9,23,16,"El próximo 24 de septiembre abrirá Apple Store en México",http://www.razon.com.mx/spip.php?article321733," Se inaugurará una semana después de la llegada del nuevo iPhone 7; estará ubicada en el centro comercial Santa Fe ",cienciaYtecnologia
129824,9,23,16,"Cámara, lo que más deslumbra de nuevo Iphone",http://www.razon.com.mx/spip.php?article320920," Apple sin cumplir las expectativas; resistente al agua, pero sus competidores ya tienen esta cualidad; ofrece hasta dos horas más de batería y zoom óptico ",cienciaYtecnologia
129825,9,23,16,"¿Cuáles son los cambios en el iPhone7 presentado por Apple?",http://www.razon.com.mx/spip.php?article320842," Tim Cook dijo que es el mejor iPhone jamás creado, con un gran diseño; incorpora el sistema operativo iOS 10 ",cienciaYtecnologia
129830,9,23,16,"Apple podría presentar nuevo iPhone la semana próxima",http://www.razon.com.mx/spip.php?article319847," Ha enviado invitaciones a periodistas especializados y analistas del sector a un evento el próximo 7 de septiembre; aún no hay detalles del nuevo equipo ",cienciaYtecnologia
129856,9,24,16,"¿Cómo es la primera tienda Apple en México?",http://www.aztecanoticias.com.mx/notas/tecnologia-y-educacion/260981/-como-es-la-primera-tienda-apple-en-mexico-,"Esta es la primera tienda en su tipo que la marca fundada por Steve Jobs tiene en México, pues a la fecha, solo contaban con distribuidores autorizados como iShop o MacStore.",cienciaYtecnologia
129863,9,24,16,"McLaren niega negociaciones con Apple",http://www.aztecanoticias.com.mx/notas/tecnologia-y-educacion/260867/mclaren-niega-negociaciones-con-apple,"Este miércoles McLaren negó un reporte de que Apple hizo una propuesta a la automotriz.",cienciaYtecnologia
129874,9,24,16,"Asia le da tibia bienvenida al iPhone 7",http://www.aztecanoticias.com.mx/notas/tecnologia-y-educacion/260514/asia-le-da-tibia-bienvenida-al-iphone-7,"Fanáticos de Apple desde Sídney a Shanghái vitorearon al salir de los comercios el viernes con sus nuevos iPhones.",cienciaYtecnologia
129900,9,24,16,"Al grito de “Viva México” inauguran tienda Apple en Santa Fe",http://www.razon.com.mx/spip.php?article322631," Personas hicieron largas filas para ser de los primeros en ingresar; muchos buscan adquirir el IPhone 7 ",cienciaYtecnologia
129904,9,24,16,"Presumen ser los primeros en tener un iPhone 7 tras acampar varias horas",http://www.razon.com.mx/spip.php?article321742," Australianos fueron los primeros en adquirir el nuevo equipo de Apple; reportan que en Sydney ya no hay iPhone 7 Plus ",cienciaYtecnologia
129905,9,24,16,"El próximo 24 de septiembre abrirá Apple Store en México",http://www.razon.com.mx/spip.php?article321733," Se inaugurará una semana después de la llegada del nuevo iPhone 7; estará ubicada en el centro comercial Santa Fe ",cienciaYtecnologia
129910,9,24,16,"Cámara, lo que más deslumbra de nuevo Iphone",http://www.razon.com.mx/spip.php?article320920," Apple sin cumplir las expectativas; resistente al agua, pero sus competidores ya tienen esta cualidad; ofrece hasta dos horas más de batería y zoom óptico ",cienciaYtecnologia
129911,9,24,16,"¿Cuáles son los cambios en el iPhone7 presentado por Apple?",http://www.razon.com.mx/spip.php?article320842," Tim Cook dijo que es el mejor iPhone jamás creado, con un gran diseño; incorpora el sistema operativo iOS 10 ",cienciaYtecnologia
129916,9,24,16,"Apple podría presentar nuevo iPhone la semana próxima",http://www.razon.com.mx/spip.php?article319847," Ha enviado invitaciones a periodistas especializados y analistas del sector a un evento el próximo 7 de septiembre; aún no hay detalles del nuevo equipo ",cienciaYtecnologia
129942,9,25,16,"¿Cómo es la primera tienda Apple en México?",http://www.aztecanoticias.com.mx/notas/tecnologia-y-educacion/260981/-como-es-la-primera-tienda-apple-en-mexico-,"Esta es la primera tienda en su tipo que la marca fundada por Steve Jobs tiene en México, pues a la fecha, solo contaban con distribuidores autorizados como iShop o MacStore.",cienciaYtecnologia
129949,9,25,16,"McLaren niega negociaciones con Apple",http://www.aztecanoticias.com.mx/notas/tecnologia-y-educacion/260867/mclaren-niega-negociaciones-con-apple,"Este miércoles McLaren negó un reporte de que Apple hizo una propuesta a la automotriz.",cienciaYtecnologia
129960,9,25,16,"Asia le da tibia bienvenida al iPhone 7",http://www.aztecanoticias.com.mx/notas/tecnologia-y-educacion/260514/asia-le-da-tibia-bienvenida-al-iphone-7,"Fanáticos de Apple desde Sídney a Shanghái vitorearon al salir de los comercios el viernes con sus nuevos iPhones.",cienciaYtecnologia
129985,9,25,16,"Al grito de “Viva México” inauguran tienda Apple en Santa Fe",http://www.razon.com.mx/spip.php?article322631," Personas hicieron largas filas para ser de los primeros en ingresar; muchos buscan adquirir el IPhone 7 ",cienciaYtecnologia
129989,9,25,16,"Presumen ser los primeros en tener un iPhone 7 tras acampar varias horas",http://www.razon.com.mx/spip.php?article321742," Australianos fueron los primeros en adquirir el nuevo equipo de Apple; reportan que en Sydney ya no hay iPhone 7 Plus ",cienciaYtecnologia
129990,9,25,16,"El próximo 24 de septiembre abrirá Apple Store en México",http://www.razon.com.mx/spip.php?article321733," Se inaugurará una semana después de la llegada del nuevo iPhone 7; estará ubicada en el centro comercial Santa Fe ",cienciaYtecnologia
129995,9,25,16,"Cámara, lo que más deslumbra de nuevo Iphone",http://www.razon.com.mx/spip.php?article320920," Apple sin cumplir las expectativas; resistente al agua, pero sus competidores ya tienen esta cualidad; ofrece hasta dos horas más de batería y zoom óptico ",cienciaYtecnologia
129996,9,25,16,"¿Cuáles son los cambios en el iPhone7 presentado por Apple?",http://www.razon.com.mx/spip.php?article320842," Tim Cook dijo que es el mejor iPhone jamás creado, con un gran diseño; incorpora el sistema operativo iOS 10 ",cienciaYtecnologia
130001,9,25,16,"Apple podría presentar nuevo iPhone la semana próxima",http://www.razon.com.mx/spip.php?article319847," Ha enviado invitaciones a periodistas especializados y analistas del sector a un evento el próximo 7 de septiembre; aún no hay detalles del nuevo equipo ",cienciaYtecnologia
130029,9,26,16,"¿Cómo es la primera tienda Apple en México?",http://www.aztecanoticias.com.mx/notas/tecnologia-y-educacion/260981/-como-es-la-primera-tienda-apple-en-mexico-,"Esta es la primera tienda en su tipo que la marca fundada por Steve Jobs tiene en México, pues a la fecha, solo contaban con distribuidores autorizados como iShop o MacStore.",cienciaYtecnologia
130036,9,26,16,"McLaren niega negociaciones con Apple",http://www.aztecanoticias.com.mx/notas/tecnologia-y-educacion/260867/mclaren-niega-negociaciones-con-apple,"Este miércoles McLaren negó un reporte de que Apple hizo una propuesta a la automotriz.",cienciaYtecnologia
130047,9,26,16,"Asia le da tibia bienvenida al iPhone 7",http://www.aztecanoticias.com.mx/notas/tecnologia-y-educacion/260514/asia-le-da-tibia-bienvenida-al-iphone-7,"Fanáticos de Apple desde Sídney a Shanghái vitorearon al salir de los comercios el viernes con sus nuevos iPhones.",cienciaYtecnologia
130070,9,26,16,"Al grito de “Viva México” inauguran tienda Apple en Santa Fe",http://www.razon.com.mx/spip.php?article322631," Personas hicieron largas filas para ser de los primeros en ingresar; muchos buscan adquirir el IPhone 7 ",cienciaYtecnologia
130074,9,26,16,"Presumen ser los primeros en tener un iPhone 7 tras acampar varias horas",http://www.razon.com.mx/spip.php?article321742," Australianos fueron los primeros en adquirir el nuevo equipo de Apple; reportan que en Sydney ya no hay iPhone 7 Plus ",cienciaYtecnologia
130075,9,26,16,"El próximo 24 de septiembre abrirá Apple Store en México",http://www.razon.com.mx/spip.php?article321733," Se inaugurará una semana después de la llegada del nuevo iPhone 7; estará ubicada en el centro comercial Santa Fe ",cienciaYtecnologia
130080,9,26,16,"Cámara, lo que más deslumbra de nuevo Iphone",http://www.razon.com.mx/spip.php?article320920," Apple sin cumplir las expectativas; resistente al agua, pero sus competidores ya tienen esta cualidad; ofrece hasta dos horas más de batería y zoom óptico ",cienciaYtecnologia
130081,9,26,16,"¿Cuáles son los cambios en el iPhone7 presentado por Apple?",http://www.razon.com.mx/spip.php?article320842," Tim Cook dijo que es el mejor iPhone jamás creado, con un gran diseño; incorpora el sistema operativo iOS 10 ",cienciaYtecnologia
130086,9,26,16,"Apple podría presentar nuevo iPhone la semana próxima",http://www.razon.com.mx/spip.php?article319847," Ha enviado invitaciones a periodistas especializados y analistas del sector a un evento el próximo 7 de septiembre; aún no hay detalles del nuevo equipo ",cienciaYtecnologia
130118,9,27,16,"¿Cómo es la primera tienda Apple en México?",http://www.aztecanoticias.com.mx/notas/tecnologia-y-educacion/260981/-como-es-la-primera-tienda-apple-en-mexico-,"Esta es la primera tienda en su tipo que la marca fundada por Steve Jobs tiene en México, pues a la fecha, solo contaban con distribuidores autorizados como iShop o MacStore.",cienciaYtecnologia
130125,9,27,16,"McLaren niega negociaciones con Apple",http://www.aztecanoticias.com.mx/notas/tecnologia-y-educacion/260867/mclaren-niega-negociaciones-con-apple,"Este miércoles McLaren negó un reporte de que Apple hizo una propuesta a la automotriz.",cienciaYtecnologia
130136,9,27,16,"Asia le da tibia bienvenida al iPhone 7",http://www.aztecanoticias.com.mx/notas/tecnologia-y-educacion/260514/asia-le-da-tibia-bienvenida-al-iphone-7,"Fanáticos de Apple desde Sídney a Shanghái vitorearon al salir de los comercios el viernes con sus nuevos iPhones.",cienciaYtecnologia
130157,9,27,16,"Al grito de “Viva México” inauguran tienda Apple en Santa Fe",http://www.razon.com.mx/spip.php?article322631," Personas hicieron largas filas para ser de los primeros en ingresar; muchos buscan adquirir el IPhone 7 ",cienciaYtecnologia
130161,9,27,16,"Presumen ser los primeros en tener un iPhone 7 tras acampar varias horas",http://www.razon.com.mx/spip.php?article321742," Australianos fueron los primeros en adquirir el nuevo equipo de Apple; reportan que en Sydney ya no hay iPhone 7 Plus ",cienciaYtecnologia
130162,9,27,16,"El próximo 24 de septiembre abrirá Apple Store en México",http://www.razon.com.mx/spip.php?article321733," Se inaugurará una semana después de la llegada del nuevo iPhone 7; estará ubicada en el centro comercial Santa Fe ",cienciaYtecnologia
130167,9,27,16,"Cámara, lo que más deslumbra de nuevo Iphone",http://www.razon.com.mx/spip.php?article320920," Apple sin cumplir las expectativas; resistente al agua, pero sus competidores ya tienen esta cualidad; ofrece hasta dos horas más de batería y zoom óptico ",cienciaYtecnologia
130168,9,27,16,"¿Cuáles son los cambios en el iPhone7 presentado por Apple?",http://www.razon.com.mx/spip.php?article320842," Tim Cook dijo que es el mejor iPhone jamás creado, con un gran diseño; incorpora el sistema operativo iOS 10 ",cienciaYtecnologia
130173,9,27,16,"Apple podría presentar nuevo iPhone la semana próxima",http://www.razon.com.mx/spip.php?article319847," Ha enviado invitaciones a periodistas especializados y analistas del sector a un evento el próximo 7 de septiembre; aún no hay detalles del nuevo equipo ",cienciaYtecnologia
130209,9,28,16,"¿Cómo es la primera tienda Apple en México?",http://www.aztecanoticias.com.mx/notas/tecnologia-y-educacion/260981/-como-es-la-primera-tienda-apple-en-mexico-,"Esta es la primera tienda en su tipo que la marca fundada por Steve Jobs tiene en México, pues a la fecha, solo contaban con distribuidores autorizados como iShop o MacStore.",cienciaYtecnologia
130216,9,28,16,"McLaren niega negociaciones con Apple",http://www.aztecanoticias.com.mx/notas/tecnologia-y-educacion/260867/mclaren-niega-negociaciones-con-apple,"Este miércoles McLaren negó un reporte de que Apple hizo una propuesta a la automotriz.",cienciaYtecnologia
130227,9,28,16,"Asia le da tibia bienvenida al iPhone 7",http://www.aztecanoticias.com.mx/notas/tecnologia-y-educacion/260514/asia-le-da-tibia-bienvenida-al-iphone-7,"Fanáticos de Apple desde Sídney a Shanghái vitorearon al salir de los comercios el viernes con sus nuevos iPhones.",cienciaYtecnologia
130246,9,28,16,"Al grito de “Viva México” inauguran tienda Apple en Santa Fe",http://www.razon.com.mx/spip.php?article322631," Personas hicieron largas filas para ser de los primeros en ingresar; muchos buscan adquirir el IPhone 7 ",cienciaYtecnologia
130250,9,28,16,"Presumen ser los primeros en tener un iPhone 7 tras acampar varias horas",http://www.razon.com.mx/spip.php?article321742," Australianos fueron los primeros en adquirir el nuevo equipo de Apple; reportan que en Sydney ya no hay iPhone 7 Plus ",cienciaYtecnologia
130251,9,28,16,"El próximo 24 de septiembre abrirá Apple Store en México",http://www.razon.com.mx/spip.php?article321733," Se inaugurará una semana después de la llegada del nuevo iPhone 7; estará ubicada en el centro comercial Santa Fe ",cienciaYtecnologia
130256,9,28,16,"Cámara, lo que más deslumbra de nuevo Iphone",http://www.razon.com.mx/spip.php?article320920," Apple sin cumplir las expectativas; resistente al agua, pero sus competidores ya tienen esta cualidad; ofrece hasta dos horas más de batería y zoom óptico ",cienciaYtecnologia
130257,9,28,16,"¿Cuáles son los cambios en el iPhone7 presentado por Apple?",http://www.razon.com.mx/spip.php?article320842," Tim Cook dijo que es el mejor iPhone jamás creado, con un gran diseño; incorpora el sistema operativo iOS 10 ",cienciaYtecnologia
130262,9,28,16,"Apple podría presentar nuevo iPhone la semana próxima",http://www.razon.com.mx/spip.php?article319847," Ha enviado invitaciones a periodistas especializados y analistas del sector a un evento el próximo 7 de septiembre; aún no hay detalles del nuevo equipo ",cienciaYtecnologia
130299,9,29,16,"¿Cómo es la primera tienda Apple en México?",http://www.aztecanoticias.com.mx/notas/tecnologia-y-educacion/260981/-como-es-la-primera-tienda-apple-en-mexico-,"Esta es la primera tienda en su tipo que la marca fundada por Steve Jobs tiene en México, pues a la fecha, solo contaban con distribuidores autorizados como iShop o MacStore.",cienciaYtecnologia
130306,9,29,16,"McLaren niega negociaciones con Apple",http://www.aztecanoticias.com.mx/notas/tecnologia-y-educacion/260867/mclaren-niega-negociaciones-con-apple,"Este miércoles McLaren negó un reporte de que Apple hizo una propuesta a la automotriz.",cienciaYtecnologia
130317,9,29,16,"Asia le da tibia bienvenida al iPhone 7",http://www.aztecanoticias.com.mx/notas/tecnologia-y-educacion/260514/asia-le-da-tibia-bienvenida-al-iphone-7,"Fanáticos de Apple desde Sídney a Shanghái vitorearon al salir de los comercios el viernes con sus nuevos iPhones.",cienciaYtecnologia
130334,9,29,16,"Al grito de “Viva México” inauguran tienda Apple en Santa Fe",http://www.razon.com.mx/spip.php?article322631," Personas hicieron largas filas para ser de los primeros en ingresar; muchos buscan adquirir el IPhone 7 ",cienciaYtecnologia
130338,9,29,16,"Presumen ser los primeros en tener un iPhone 7 tras acampar varias horas",http://www.razon.com.mx/spip.php?article321742," Australianos fueron los primeros en adquirir el nuevo equipo de Apple; reportan que en Sydney ya no hay iPhone 7 Plus ",cienciaYtecnologia
130339,9,29,16,"El próximo 24 de septiembre abrirá Apple Store en México",http://www.razon.com.mx/spip.php?article321733," Se inaugurará una semana después de la llegada del nuevo iPhone 7; estará ubicada en el centro comercial Santa Fe ",cienciaYtecnologia
130344,9,29,16,"Cámara, lo que más deslumbra de nuevo Iphone",http://www.razon.com.mx/spip.php?article320920," Apple sin cumplir las expectativas; resistente al agua, pero sus competidores ya tienen esta cualidad; ofrece hasta dos horas más de batería y zoom óptico ",cienciaYtecnologia
130345,9,29,16,"¿Cuáles son los cambios en el iPhone7 presentado por Apple?",http://www.razon.com.mx/spip.php?article320842," Tim Cook dijo que es el mejor iPhone jamás creado, con un gran diseño; incorpora el sistema operativo iOS 10 ",cienciaYtecnologia
130350,9,29,16,"Apple podría presentar nuevo iPhone la semana próxima",http://www.razon.com.mx/spip.php?article319847," Ha enviado invitaciones a periodistas especializados y analistas del sector a un evento el próximo 7 de septiembre; aún no hay detalles del nuevo equipo ",cienciaYtecnologia
130369,9,30,16,"Video: Revelan detalles del iPhone 8; podría salir en 2018",http://www.aztecanoticias.com.mx/notas/tecnologia-y-educacion/261500/video-revelan-detalles-del-iphone-8-podria-salir-en-2018,"Una filial de Apple en Israel hizo públicos algunos detalles del siguiente modelo que llegará al mercado.",cienciaYtecnologia
130391,9,30,16,"¿Cómo es la primera tienda Apple en México?",http://www.aztecanoticias.com.mx/notas/tecnologia-y-educacion/260981/-como-es-la-primera-tienda-apple-en-mexico-,"Esta es la primera tienda en su tipo que la marca fundada por Steve Jobs tiene en México, pues a la fecha, solo contaban con distribuidores autorizados como iShop o MacStore.",cienciaYtecnologia
130398,9,30,16,"McLaren niega negociaciones con Apple",http://www.aztecanoticias.com.mx/notas/tecnologia-y-educacion/260867/mclaren-niega-negociaciones-con-apple,"Este miércoles McLaren negó un reporte de que Apple hizo una propuesta a la automotriz.",cienciaYtecnologia
130409,9,30,16,"Asia le da tibia bienvenida al iPhone 7",http://www.aztecanoticias.com.mx/notas/tecnologia-y-educacion/260514/asia-le-da-tibia-bienvenida-al-iphone-7,"Fanáticos de Apple desde Sídney a Shanghái vitorearon al salir de los comercios el viernes con sus nuevos iPhones.",cienciaYtecnologia
130421,9,30,16,"Al grito de “Viva México” inauguran tienda Apple en Santa Fe",http://www.razon.com.mx/spip.php?article322631," Personas hicieron largas filas para ser de los primeros en ingresar; muchos buscan adquirir el IPhone 7 ",cienciaYtecnologia
130425,9,30,16,"Presumen ser los primeros en tener un iPhone 7 tras acampar varias horas",http://www.razon.com.mx/spip.php?article321742," Australianos fueron los primeros en adquirir el nuevo equipo de Apple; reportan que en Sydney ya no hay iPhone 7 Plus ",cienciaYtecnologia
130426,9,30,16,"El próximo 24 de septiembre abrirá Apple Store en México",http://www.razon.com.mx/spip.php?article321733," Se inaugurará una semana después de la llegada del nuevo iPhone 7; estará ubicada en el centro comercial Santa Fe ",cienciaYtecnologia
130431,9,30,16,"Cámara, lo que más deslumbra de nuevo Iphone",http://www.razon.com.mx/spip.php?article320920," Apple sin cumplir las expectativas; resistente al agua, pero sus competidores ya tienen esta cualidad; ofrece hasta dos horas más de batería y zoom óptico ",cienciaYtecnologia
130432,9,30,16,"¿Cuáles son los cambios en el iPhone7 presentado por Apple?",http://www.razon.com.mx/spip.php?article320842," Tim Cook dijo que es el mejor iPhone jamás creado, con un gran diseño; incorpora el sistema operativo iOS 10 ",cienciaYtecnologia
130437,9,30,16,"Apple podría presentar nuevo iPhone la semana próxima",http://www.razon.com.mx/spip.php?article319847," Ha enviado invitaciones a periodistas especializados y analistas del sector a un evento el próximo 7 de septiembre; aún no hay detalles del nuevo equipo ",cienciaYtecnologia
130455,10,1,16,"Video: Revelan detalles del iPhone 8; podría salir en 2018",http://www.aztecanoticias.com.mx/notas/tecnologia-y-educacion/261500/video-revelan-detalles-del-iphone-8-podria-salir-en-2018,"Una filial de Apple en Israel hizo públicos algunos detalles del siguiente modelo que llegará al mercado.",cienciaYtecnologia
130477,10,1,16,"¿Cómo es la primera tienda Apple en México?",http://www.aztecanoticias.com.mx/notas/tecnologia-y-educacion/260981/-como-es-la-primera-tienda-apple-en-mexico-,"Esta es la primera tienda en su tipo que la marca fundada por Steve Jobs tiene en México, pues a la fecha, solo contaban con distribuidores autorizados como iShop o MacStore.",cienciaYtecnologia
130484,10,1,16,"McLaren niega negociaciones con Apple",http://www.aztecanoticias.com.mx/notas/tecnologia-y-educacion/260867/mclaren-niega-negociaciones-con-apple,"Este miércoles McLaren negó un reporte de que Apple hizo una propuesta a la automotriz.",cienciaYtecnologia
130495,10,1,16,"Asia le da tibia bienvenida al iPhone 7",http://www.aztecanoticias.com.mx/notas/tecnologia-y-educacion/260514/asia-le-da-tibia-bienvenida-al-iphone-7,"Fanáticos de Apple desde Sídney a Shanghái vitorearon al salir de los comercios el viernes con sus nuevos iPhones.",cienciaYtecnologia
130503,10,1,16,"VIDEO Joven destruye iPhones con bola de acero en una tienda Apple",http://www.razon.com.mx/spip.php?article323316," Acusa que la marca no respetó la garantía de su equipo y no le devolvió su dinero; los daños se calculan en miles de euros ",cienciaYtecnologia
130507,10,1,16,"Al grito de “Viva México” inauguran tienda Apple en Santa Fe",http://www.razon.com.mx/spip.php?article322631," Personas hicieron largas filas para ser de los primeros en ingresar; muchos buscan adquirir el IPhone 7 ",cienciaYtecnologia
130511,10,1,16,"Presumen ser los primeros en tener un iPhone 7 tras acampar varias horas",http://www.razon.com.mx/spip.php?article321742," Australianos fueron los primeros en adquirir el nuevo equipo de Apple; reportan que en Sydney ya no hay iPhone 7 Plus ",cienciaYtecnologia
130512,10,1,16,"El próximo 24 de septiembre abrirá Apple Store en México",http://www.razon.com.mx/spip.php?article321733," Se inaugurará una semana después de la llegada del nuevo iPhone 7; estará ubicada en el centro comercial Santa Fe ",cienciaYtecnologia
130517,10,1,16,"Cámara, lo que más deslumbra de nuevo Iphone",http://www.razon.com.mx/spip.php?article320920," Apple sin cumplir las expectativas; resistente al agua, pero sus competidores ya tienen esta cualidad; ofrece hasta dos horas más de batería y zoom óptico ",cienciaYtecnologia
130518,10,1,16,"¿Cuáles son los cambios en el iPhone7 presentado por Apple?",http://www.razon.com.mx/spip.php?article320842," Tim Cook dijo que es el mejor iPhone jamás creado, con un gran diseño; incorpora el sistema operativo iOS 10 ",cienciaYtecnologia
130541,10,2,16,"Video: Revelan detalles del iPhone 8; podría salir en 2018",http://www.aztecanoticias.com.mx/notas/tecnologia-y-educacion/261500/video-revelan-detalles-del-iphone-8-podria-salir-en-2018,"Una filial de Apple en Israel hizo públicos algunos detalles del siguiente modelo que llegará al mercado.",cienciaYtecnologia
130563,10,2,16,"¿Cómo es la primera tienda Apple en México?",http://www.aztecanoticias.com.mx/notas/tecnologia-y-educacion/260981/-como-es-la-primera-tienda-apple-en-mexico-,"Esta es la primera tienda en su tipo que la marca fundada por Steve Jobs tiene en México, pues a la fecha, solo contaban con distribuidores autorizados como iShop o MacStore.",cienciaYtecnologia
130570,10,2,16,"McLaren niega negociaciones con Apple",http://www.aztecanoticias.com.mx/notas/tecnologia-y-educacion/260867/mclaren-niega-negociaciones-con-apple,"Este miércoles McLaren negó un reporte de que Apple hizo una propuesta a la automotriz.",cienciaYtecnologia
130581,10,2,16,"Asia le da tibia bienvenida al iPhone 7",http://www.aztecanoticias.com.mx/notas/tecnologia-y-educacion/260514/asia-le-da-tibia-bienvenida-al-iphone-7,"Fanáticos de Apple desde Sídney a Shanghái vitorearon al salir de los comercios el viernes con sus nuevos iPhones.",cienciaYtecnologia
130588,10,2,16,"Tras crisis de Samsung, ahora explota un iPhone 7",http://www.razon.com.mx/spip.php?article323391," Un cliente reportó que cuando recibió el quipo éste ya había explotado; hasta el momento Apple no se ha pronunciado por el caso ",cienciaYtecnologia
130589,10,2,16,"VIDEO Joven destruye iPhones con bola de acero en una tienda Apple",http://www.razon.com.mx/spip.php?article323316," Acusa que la marca no respetó la garantía de su equipo y no le devolvió su dinero; los daños se calculan en miles de euros ",cienciaYtecnologia
130593,10,2,16,"Al grito de “Viva México” inauguran tienda Apple en Santa Fe",http://www.razon.com.mx/spip.php?article322631," Personas hicieron largas filas para ser de los primeros en ingresar; muchos buscan adquirir el IPhone 7 ",cienciaYtecnologia
130597,10,2,16,"Presumen ser los primeros en tener un iPhone 7 tras acampar varias horas",http://www.razon.com.mx/spip.php?article321742," Australianos fueron los primeros en adquirir el nuevo equipo de Apple; reportan que en Sydney ya no hay iPhone 7 Plus ",cienciaYtecnologia
130598,10,2,16,"El próximo 24 de septiembre abrirá Apple Store en México",http://www.razon.com.mx/spip.php?article321733," Se inaugurará una semana después de la llegada del nuevo iPhone 7; estará ubicada en el centro comercial Santa Fe ",cienciaYtecnologia
130603,10,2,16,"Cámara, lo que más deslumbra de nuevo Iphone",http://www.razon.com.mx/spip.php?article320920," Apple sin cumplir las expectativas; resistente al agua, pero sus competidores ya tienen esta cualidad; ofrece hasta dos horas más de batería y zoom óptico ",cienciaYtecnologia
130604,10,2,16,"¿Cuáles son los cambios en el iPhone7 presentado por Apple?",http://www.razon.com.mx/spip.php?article320842," Tim Cook dijo que es el mejor iPhone jamás creado, con un gran diseño; incorpora el sistema operativo iOS 10 ",cienciaYtecnologia
130626,10,3,16,"Video: Revelan detalles del iPhone 8; podría salir en 2018",http://www.aztecanoticias.com.mx/notas/tecnologia-y-educacion/261500/video-revelan-detalles-del-iphone-8-podria-salir-en-2018,"Una filial de Apple en Israel hizo públicos algunos detalles del siguiente modelo que llegará al mercado.",cienciaYtecnologia
130648,10,3,16,"¿Cómo es la primera tienda Apple en México?",http://www.aztecanoticias.com.mx/notas/tecnologia-y-educacion/260981/-como-es-la-primera-tienda-apple-en-mexico-,"Esta es la primera tienda en su tipo que la marca fundada por Steve Jobs tiene en México, pues a la fecha, solo contaban con distribuidores autorizados como iShop o MacStore.",cienciaYtecnologia
130655,10,3,16,"McLaren niega negociaciones con Apple",http://www.aztecanoticias.com.mx/notas/tecnologia-y-educacion/260867/mclaren-niega-negociaciones-con-apple,"Este miércoles McLaren negó un reporte de que Apple hizo una propuesta a la automotriz.",cienciaYtecnologia
130666,10,3,16,"Asia le da tibia bienvenida al iPhone 7",http://www.aztecanoticias.com.mx/notas/tecnologia-y-educacion/260514/asia-le-da-tibia-bienvenida-al-iphone-7,"Fanáticos de Apple desde Sídney a Shanghái vitorearon al salir de los comercios el viernes con sus nuevos iPhones.",cienciaYtecnologia
130673,10,3,16,"Tras crisis de Samsung, ahora explota un iPhone 7",http://www.razon.com.mx/spip.php?article323391," Un cliente reportó que cuando recibió el quipo éste ya había explotado; hasta el momento Apple no se ha pronunciado por el caso ",cienciaYtecnologia
130674,10,3,16,"VIDEO Joven destruye iPhones con bola de acero en una tienda Apple",http://www.razon.com.mx/spip.php?article323316," Acusa que la marca no respetó la garantía de su equipo y no le devolvió su dinero; los daños se calculan en miles de euros ",cienciaYtecnologia
130678,10,3,16,"Al grito de “Viva México” inauguran tienda Apple en Santa Fe",http://www.razon.com.mx/spip.php?article322631," Personas hicieron largas filas para ser de los primeros en ingresar; muchos buscan adquirir el IPhone 7 ",cienciaYtecnologia
130682,10,3,16,"Presumen ser los primeros en tener un iPhone 7 tras acampar varias horas",http://www.razon.com.mx/spip.php?article321742," Australianos fueron los primeros en adquirir el nuevo equipo de Apple; reportan que en Sydney ya no hay iPhone 7 Plus ",cienciaYtecnologia
130683,10,3,16,"El próximo 24 de septiembre abrirá Apple Store en México",http://www.razon.com.mx/spip.php?article321733," Se inaugurará una semana después de la llegada del nuevo iPhone 7; estará ubicada en el centro comercial Santa Fe ",cienciaYtecnologia
130688,10,3,16,"Cámara, lo que más deslumbra de nuevo Iphone",http://www.razon.com.mx/spip.php?article320920," Apple sin cumplir las expectativas; resistente al agua, pero sus competidores ya tienen esta cualidad; ofrece hasta dos horas más de batería y zoom óptico ",cienciaYtecnologia
130689,10,3,16,"¿Cuáles son los cambios en el iPhone7 presentado por Apple?",http://www.razon.com.mx/spip.php?article320842," Tim Cook dijo que es el mejor iPhone jamás creado, con un gran diseño; incorpora el sistema operativo iOS 10 ",cienciaYtecnologia
130719,10,5,16,"Video: Revelan detalles del iPhone 8; podría salir en 2018",http://www.aztecanoticias.com.mx/notas/tecnologia-y-educacion/261500/video-revelan-detalles-del-iphone-8-podria-salir-en-2018,"Una filial de Apple en Israel hizo públicos algunos detalles del siguiente modelo que llegará al mercado.",cienciaYtecnologia
130741,10,5,16,"¿Cómo es la primera tienda Apple en México?",http://www.aztecanoticias.com.mx/notas/tecnologia-y-educacion/260981/-como-es-la-primera-tienda-apple-en-mexico-,"Esta es la primera tienda en su tipo que la marca fundada por Steve Jobs tiene en México, pues a la fecha, solo contaban con distribuidores autorizados como iShop o MacStore.",cienciaYtecnologia
130748,10,5,16,"McLaren niega negociaciones con Apple",http://www.aztecanoticias.com.mx/notas/tecnologia-y-educacion/260867/mclaren-niega-negociaciones-con-apple,"Este miércoles McLaren negó un reporte de que Apple hizo una propuesta a la automotriz.",cienciaYtecnologia
130764,10,5,16,"Tras crisis de Samsung, ahora explota un iPhone 7",http://www.razon.com.mx/spip.php?article323391," Un cliente reportó que cuando recibió el quipo éste ya había explotado; hasta el momento Apple no se ha pronunciado por el caso ",cienciaYtecnologia
130765,10,5,16,"VIDEO Joven destruye iPhones con bola de acero en una tienda Apple",http://www.razon.com.mx/spip.php?article323316," Acusa que la marca no respetó la garantía de su equipo y no le devolvió su dinero; los daños se calculan en miles de euros ",cienciaYtecnologia
130769,10,5,16,"Al grito de “Viva México” inauguran tienda Apple en Santa Fe",http://www.razon.com.mx/spip.php?article322631," Personas hicieron largas filas para ser de los primeros en ingresar; muchos buscan adquirir el IPhone 7 ",cienciaYtecnologia
130773,10,5,16,"Presumen ser los primeros en tener un iPhone 7 tras acampar varias horas",http://www.razon.com.mx/spip.php?article321742," Australianos fueron los primeros en adquirir el nuevo equipo de Apple; reportan que en Sydney ya no hay iPhone 7 Plus ",cienciaYtecnologia
130774,10,5,16,"El próximo 24 de septiembre abrirá Apple Store en México",http://www.razon.com.mx/spip.php?article321733," Se inaugurará una semana después de la llegada del nuevo iPhone 7; estará ubicada en el centro comercial Santa Fe ",cienciaYtecnologia
130782,10,5,16,"Fanático de la tecnología diseña ''El iPhone 7 que esperaba''",http://www.lacronica.com/EdicionEnlinea/Notas/CienciayTecnologia/05102016/1136573-Fanatico-de-la-tecnologia-disena-El-iPhone-7-que-esperaba.html," Para llevar a cabo este experimento  necesitó de una herramienta bastante precisa, papel de lija y varios instrumentos.  En el video, titulado  'El iPhone 7 que esperaba' , el chico extrajo todos los componentes internos de su iPhone, incluyendo los botones y procedió a pulir los bordes del teléfono. De esta forma,  obtuvo un modelo muy parecido al iPhone 4.  Finalmente, el rediseñado iPhone por el que esperaba , aseguró el autor de esta singular hazaña.  Según información del portal RT,  no todo son buenas noticias para el joven, ya que a raíz de esto, la mala noticia es que el dueño del nuevo modelo de Apple  perderá la garantía de fábrica y la funcionalidad de resistencia al agua , una de sus principales novedades.",cienciaYtecnologia
130806,10,6,16,"Video: Revelan detalles del iPhone 8; podría salir en 2018",http://www.aztecanoticias.com.mx/notas/tecnologia-y-educacion/261500/video-revelan-detalles-del-iphone-8-podria-salir-en-2018,"Una filial de Apple en Israel hizo públicos algunos detalles del siguiente modelo que llegará al mercado.",cienciaYtecnologia
130828,10,6,16,"¿Cómo es la primera tienda Apple en México?",http://www.aztecanoticias.com.mx/notas/tecnologia-y-educacion/260981/-como-es-la-primera-tienda-apple-en-mexico-,"Esta es la primera tienda en su tipo que la marca fundada por Steve Jobs tiene en México, pues a la fecha, solo contaban con distribuidores autorizados como iShop o MacStore.",cienciaYtecnologia
130835,10,6,16,"McLaren niega negociaciones con Apple",http://www.aztecanoticias.com.mx/notas/tecnologia-y-educacion/260867/mclaren-niega-negociaciones-con-apple,"Este miércoles McLaren negó un reporte de que Apple hizo una propuesta a la automotriz.",cienciaYtecnologia
130852,10,6,16,"Tras crisis de Samsung, ahora explota un iPhone 7",http://www.razon.com.mx/spip.php?article323391," Un cliente reportó que cuando recibió el quipo éste ya había explotado; hasta el momento Apple no se ha pronunciado por el caso ",cienciaYtecnologia
130853,10,6,16,"VIDEO Joven destruye iPhones con bola de acero en una tienda Apple",http://www.razon.com.mx/spip.php?article323316," Acusa que la marca no respetó la garantía de su equipo y no le devolvió su dinero; los daños se calculan en miles de euros ",cienciaYtecnologia
130857,10,6,16,"Al grito de “Viva México” inauguran tienda Apple en Santa Fe",http://www.razon.com.mx/spip.php?article322631," Personas hicieron largas filas para ser de los primeros en ingresar; muchos buscan adquirir el IPhone 7 ",cienciaYtecnologia
130861,10,6,16,"Presumen ser los primeros en tener un iPhone 7 tras acampar varias horas",http://www.razon.com.mx/spip.php?article321742," Australianos fueron los primeros en adquirir el nuevo equipo de Apple; reportan que en Sydney ya no hay iPhone 7 Plus ",cienciaYtecnologia
130862,10,6,16,"El próximo 24 de septiembre abrirá Apple Store en México",http://www.razon.com.mx/spip.php?article321733," Se inaugurará una semana después de la llegada del nuevo iPhone 7; estará ubicada en el centro comercial Santa Fe ",cienciaYtecnologia
130894,10,7,16,"Video: Revelan detalles del iPhone 8; podría salir en 2018",http://www.aztecanoticias.com.mx/notas/tecnologia-y-educacion/261500/video-revelan-detalles-del-iphone-8-podria-salir-en-2018,"Una filial de Apple en Israel hizo públicos algunos detalles del siguiente modelo que llegará al mercado.",cienciaYtecnologia
130916,10,7,16,"¿Cómo es la primera tienda Apple en México?",http://www.aztecanoticias.com.mx/notas/tecnologia-y-educacion/260981/-como-es-la-primera-tienda-apple-en-mexico-,"Esta es la primera tienda en su tipo que la marca fundada por Steve Jobs tiene en México, pues a la fecha, solo contaban con distribuidores autorizados como iShop o MacStore.",cienciaYtecnologia
130923,10,7,16,"McLaren niega negociaciones con Apple",http://www.aztecanoticias.com.mx/notas/tecnologia-y-educacion/260867/mclaren-niega-negociaciones-con-apple,"Este miércoles McLaren negó un reporte de que Apple hizo una propuesta a la automotriz.",cienciaYtecnologia
130940,10,7,16,"Tras crisis de Samsung, ahora explota un iPhone 7",http://www.razon.com.mx/spip.php?article323391," Un cliente reportó que cuando recibió el quipo éste ya había explotado; hasta el momento Apple no se ha pronunciado por el caso ",cienciaYtecnologia
130941,10,7,16,"VIDEO Joven destruye iPhones con bola de acero en una tienda Apple",http://www.razon.com.mx/spip.php?article323316," Acusa que la marca no respetó la garantía de su equipo y no le devolvió su dinero; los daños se calculan en miles de euros ",cienciaYtecnologia
130945,10,7,16,"Al grito de “Viva México” inauguran tienda Apple en Santa Fe",http://www.razon.com.mx/spip.php?article322631," Personas hicieron largas filas para ser de los primeros en ingresar; muchos buscan adquirir el IPhone 7 ",cienciaYtecnologia
130949,10,7,16,"Presumen ser los primeros en tener un iPhone 7 tras acampar varias horas",http://www.razon.com.mx/spip.php?article321742," Australianos fueron los primeros en adquirir el nuevo equipo de Apple; reportan que en Sydney ya no hay iPhone 7 Plus ",cienciaYtecnologia
130950,10,7,16,"El próximo 24 de septiembre abrirá Apple Store en México",http://www.razon.com.mx/spip.php?article321733," Se inaugurará una semana después de la llegada del nuevo iPhone 7; estará ubicada en el centro comercial Santa Fe ",cienciaYtecnologia
130980,10,8,16,"Video: Revelan detalles del iPhone 8; podría salir en 2018",http://www.aztecanoticias.com.mx/notas/tecnologia-y-educacion/261500/video-revelan-detalles-del-iphone-8-podria-salir-en-2018,"Una filial de Apple en Israel hizo públicos algunos detalles del siguiente modelo que llegará al mercado.",cienciaYtecnologia
131002,10,8,16,"¿Cómo es la primera tienda Apple en México?",http://www.aztecanoticias.com.mx/notas/tecnologia-y-educacion/260981/-como-es-la-primera-tienda-apple-en-mexico-,"Esta es la primera tienda en su tipo que la marca fundada por Steve Jobs tiene en México, pues a la fecha, solo contaban con distribuidores autorizados como iShop o MacStore.",cienciaYtecnologia
131009,10,8,16,"McLaren niega negociaciones con Apple",http://www.aztecanoticias.com.mx/notas/tecnologia-y-educacion/260867/mclaren-niega-negociaciones-con-apple,"Este miércoles McLaren negó un reporte de que Apple hizo una propuesta a la automotriz.",cienciaYtecnologia
131025,10,8,16,"Tras crisis de Samsung, ahora explota un iPhone 7",http://www.razon.com.mx/spip.php?article323391," Un cliente reportó que cuando recibió el quipo éste ya había explotado; hasta el momento Apple no se ha pronunciado por el caso ",cienciaYtecnologia
131026,10,8,16,"VIDEO Joven destruye iPhones con bola de acero en una tienda Apple",http://www.razon.com.mx/spip.php?article323316," Acusa que la marca no respetó la garantía de su equipo y no le devolvió su dinero; los daños se calculan en miles de euros ",cienciaYtecnologia
131030,10,8,16,"Al grito de “Viva México” inauguran tienda Apple en Santa Fe",http://www.razon.com.mx/spip.php?article322631," Personas hicieron largas filas para ser de los primeros en ingresar; muchos buscan adquirir el IPhone 7 ",cienciaYtecnologia
131034,10,8,16,"Presumen ser los primeros en tener un iPhone 7 tras acampar varias horas",http://www.razon.com.mx/spip.php?article321742," Australianos fueron los primeros en adquirir el nuevo equipo de Apple; reportan que en Sydney ya no hay iPhone 7 Plus ",cienciaYtecnologia
131035,10,8,16,"El próximo 24 de septiembre abrirá Apple Store en México",http://www.razon.com.mx/spip.php?article321733," Se inaugurará una semana después de la llegada del nuevo iPhone 7; estará ubicada en el centro comercial Santa Fe ",cienciaYtecnologia
131065,10,9,16,"Video: Revelan detalles del iPhone 8; podría salir en 2018",http://www.aztecanoticias.com.mx/notas/tecnologia-y-educacion/261500/video-revelan-detalles-del-iphone-8-podria-salir-en-2018,"Una filial de Apple en Israel hizo públicos algunos detalles del siguiente modelo que llegará al mercado.",cienciaYtecnologia
131087,10,9,16,"¿Cómo es la primera tienda Apple en México?",http://www.aztecanoticias.com.mx/notas/tecnologia-y-educacion/260981/-como-es-la-primera-tienda-apple-en-mexico-,"Esta es la primera tienda en su tipo que la marca fundada por Steve Jobs tiene en México, pues a la fecha, solo contaban con distribuidores autorizados como iShop o MacStore.",cienciaYtecnologia
131094,10,9,16,"McLaren niega negociaciones con Apple",http://www.aztecanoticias.com.mx/notas/tecnologia-y-educacion/260867/mclaren-niega-negociaciones-con-apple,"Este miércoles McLaren negó un reporte de que Apple hizo una propuesta a la automotriz.",cienciaYtecnologia
131110,10,9,16,"Tras crisis de Samsung, ahora explota un iPhone 7",http://www.razon.com.mx/spip.php?article323391," Un cliente reportó que cuando recibió el quipo éste ya había explotado; hasta el momento Apple no se ha pronunciado por el caso ",cienciaYtecnologia
131111,10,9,16,"VIDEO Joven destruye iPhones con bola de acero en una tienda Apple",http://www.razon.com.mx/spip.php?article323316," Acusa que la marca no respetó la garantía de su equipo y no le devolvió su dinero; los daños se calculan en miles de euros ",cienciaYtecnologia
131115,10,9,16,"Al grito de “Viva México” inauguran tienda Apple en Santa Fe",http://www.razon.com.mx/spip.php?article322631," Personas hicieron largas filas para ser de los primeros en ingresar; muchos buscan adquirir el IPhone 7 ",cienciaYtecnologia
131119,10,9,16,"Presumen ser los primeros en tener un iPhone 7 tras acampar varias horas",http://www.razon.com.mx/spip.php?article321742," Australianos fueron los primeros en adquirir el nuevo equipo de Apple; reportan que en Sydney ya no hay iPhone 7 Plus ",cienciaYtecnologia
131120,10,9,16,"El próximo 24 de septiembre abrirá Apple Store en México",http://www.razon.com.mx/spip.php?article321733," Se inaugurará una semana después de la llegada del nuevo iPhone 7; estará ubicada en el centro comercial Santa Fe ",cienciaYtecnologia
131153,10,10,16,"Video: Revelan detalles del iPhone 8; podría salir en 2018",http://www.aztecanoticias.com.mx/notas/tecnologia-y-educacion/261500/video-revelan-detalles-del-iphone-8-podria-salir-en-2018,"Una filial de Apple en Israel hizo públicos algunos detalles del siguiente modelo que llegará al mercado.",cienciaYtecnologia
131175,10,10,16,"¿Cómo es la primera tienda Apple en México?",http://www.aztecanoticias.com.mx/notas/tecnologia-y-educacion/260981/-como-es-la-primera-tienda-apple-en-mexico-,"Esta es la primera tienda en su tipo que la marca fundada por Steve Jobs tiene en México, pues a la fecha, solo contaban con distribuidores autorizados como iShop o MacStore.",cienciaYtecnologia
131182,10,10,16,"McLaren niega negociaciones con Apple",http://www.aztecanoticias.com.mx/notas/tecnologia-y-educacion/260867/mclaren-niega-negociaciones-con-apple,"Este miércoles McLaren negó un reporte de que Apple hizo una propuesta a la automotriz.",cienciaYtecnologia
131197,10,10,16,"Tras crisis de Samsung, ahora explota un iPhone 7",http://www.razon.com.mx/spip.php?article323391," Un cliente reportó que cuando recibió el quipo éste ya había explotado; hasta el momento Apple no se ha pronunciado por el caso ",cienciaYtecnologia
131198,10,10,16,"VIDEO Joven destruye iPhones con bola de acero en una tienda Apple",http://www.razon.com.mx/spip.php?article323316," Acusa que la marca no respetó la garantía de su equipo y no le devolvió su dinero; los daños se calculan en miles de euros ",cienciaYtecnologia
131202,10,10,16,"Al grito de “Viva México” inauguran tienda Apple en Santa Fe",http://www.razon.com.mx/spip.php?article322631," Personas hicieron largas filas para ser de los primeros en ingresar; muchos buscan adquirir el IPhone 7 ",cienciaYtecnologia
131206,10,10,16,"Presumen ser los primeros en tener un iPhone 7 tras acampar varias horas",http://www.razon.com.mx/spip.php?article321742," Australianos fueron los primeros en adquirir el nuevo equipo de Apple; reportan que en Sydney ya no hay iPhone 7 Plus ",cienciaYtecnologia
131244,10,11,16,"Video: Revelan detalles del iPhone 8; podría salir en 2018",http://www.aztecanoticias.com.mx/notas/tecnologia-y-educacion/261500/video-revelan-detalles-del-iphone-8-podria-salir-en-2018,"Una filial de Apple en Israel hizo públicos algunos detalles del siguiente modelo que llegará al mercado.",cienciaYtecnologia
131266,10,11,16,"¿Cómo es la primera tienda Apple en México?",http://www.aztecanoticias.com.mx/notas/tecnologia-y-educacion/260981/-como-es-la-primera-tienda-apple-en-mexico-,"Esta es la primera tienda en su tipo que la marca fundada por Steve Jobs tiene en México, pues a la fecha, solo contaban con distribuidores autorizados como iShop o MacStore.",cienciaYtecnologia
131273,10,11,16,"McLaren niega negociaciones con Apple",http://www.aztecanoticias.com.mx/notas/tecnologia-y-educacion/260867/mclaren-niega-negociaciones-con-apple,"Este miércoles McLaren negó un reporte de que Apple hizo una propuesta a la automotriz.",cienciaYtecnologia
131288,10,11,16,"Tras crisis de Samsung, ahora explota un iPhone 7",http://www.razon.com.mx/spip.php?article323391," Un cliente reportó que cuando recibió el quipo éste ya había explotado; hasta el momento Apple no se ha pronunciado por el caso ",cienciaYtecnologia
131289,10,11,16,"VIDEO Joven destruye iPhones con bola de acero en una tienda Apple",http://www.razon.com.mx/spip.php?article323316," Acusa que la marca no respetó la garantía de su equipo y no le devolvió su dinero; los daños se calculan en miles de euros ",cienciaYtecnologia
131293,10,11,16,"Al grito de “Viva México” inauguran tienda Apple en Santa Fe",http://www.razon.com.mx/spip.php?article322631," Personas hicieron largas filas para ser de los primeros en ingresar; muchos buscan adquirir el IPhone 7 ",cienciaYtecnologia
131334,10,12,16,"Video: Revelan detalles del iPhone 8; podría salir en 2018",http://www.aztecanoticias.com.mx/notas/tecnologia-y-educacion/261500/video-revelan-detalles-del-iphone-8-podria-salir-en-2018,"Una filial de Apple en Israel hizo públicos algunos detalles del siguiente modelo que llegará al mercado.",cienciaYtecnologia
131356,10,12,16,"¿Cómo es la primera tienda Apple en México?",http://www.aztecanoticias.com.mx/notas/tecnologia-y-educacion/260981/-como-es-la-primera-tienda-apple-en-mexico-,"Esta es la primera tienda en su tipo que la marca fundada por Steve Jobs tiene en México, pues a la fecha, solo contaban con distribuidores autorizados como iShop o MacStore.",cienciaYtecnologia
131363,10,12,16,"Amazon va contra Spotify y Apple Music y lanza servicio de música",http://www.razon.com.mx/spip.php?article324510," Cuenta con un catálogo de decenas de millones de canciones; tendrá un costo de ocho dólares mensuales ",cienciaYtecnologia
131377,10,12,16,"Tras crisis de Samsung, ahora explota un iPhone 7",http://www.razon.com.mx/spip.php?article323391," Un cliente reportó que cuando recibió el quipo éste ya había explotado; hasta el momento Apple no se ha pronunciado por el caso ",cienciaYtecnologia
131378,10,12,16,"VIDEO Joven destruye iPhones con bola de acero en una tienda Apple",http://www.razon.com.mx/spip.php?article323316," Acusa que la marca no respetó la garantía de su equipo y no le devolvió su dinero; los daños se calculan en miles de euros ",cienciaYtecnologia
131382,10,12,16,"Al grito de “Viva México” inauguran tienda Apple en Santa Fe",http://www.razon.com.mx/spip.php?article322631," Personas hicieron largas filas para ser de los primeros en ingresar; muchos buscan adquirir el IPhone 7 ",cienciaYtecnologia
131421,10,13,16,"Video: Revelan detalles del iPhone 8; podría salir en 2018",http://www.aztecanoticias.com.mx/notas/tecnologia-y-educacion/261500/video-revelan-detalles-del-iphone-8-podria-salir-en-2018,"Una filial de Apple en Israel hizo públicos algunos detalles del siguiente modelo que llegará al mercado.",cienciaYtecnologia
131443,10,13,16,"¿Cómo es la primera tienda Apple en México?",http://www.aztecanoticias.com.mx/notas/tecnologia-y-educacion/260981/-como-es-la-primera-tienda-apple-en-mexico-,"Esta es la primera tienda en su tipo que la marca fundada por Steve Jobs tiene en México, pues a la fecha, solo contaban con distribuidores autorizados como iShop o MacStore.",cienciaYtecnologia
131449,10,13,16,"Amazon va contra Spotify y Apple Music y lanza servicio de música",http://www.razon.com.mx/spip.php?article324510," Cuenta con un catálogo de decenas de millones de canciones; tendrá un costo de ocho dólares mensuales ",cienciaYtecnologia
131463,10,13,16,"Tras crisis de Samsung, ahora explota un iPhone 7",http://www.razon.com.mx/spip.php?article323391," Un cliente reportó que cuando recibió el quipo éste ya había explotado; hasta el momento Apple no se ha pronunciado por el caso ",cienciaYtecnologia
131464,10,13,16,"VIDEO Joven destruye iPhones con bola de acero en una tienda Apple",http://www.razon.com.mx/spip.php?article323316," Acusa que la marca no respetó la garantía de su equipo y no le devolvió su dinero; los daños se calculan en miles de euros ",cienciaYtecnologia
131468,10,13,16,"Al grito de “Viva México” inauguran tienda Apple en Santa Fe",http://www.razon.com.mx/spip.php?article322631," Personas hicieron largas filas para ser de los primeros en ingresar; muchos buscan adquirir el IPhone 7 ",cienciaYtecnologia
131501,10,14,16,"Video: Revelan detalles del iPhone 8; podría salir en 2018",http://www.aztecanoticias.com.mx/notas/tecnologia-y-educacion/261500/video-revelan-detalles-del-iphone-8-podria-salir-en-2018,"Una filial de Apple en Israel hizo públicos algunos detalles del siguiente modelo que llegará al mercado.",cienciaYtecnologia
131523,10,14,16,"¿Cómo es la primera tienda Apple en México?",http://www.aztecanoticias.com.mx/notas/tecnologia-y-educacion/260981/-como-es-la-primera-tienda-apple-en-mexico-,"Esta es la primera tienda en su tipo que la marca fundada por Steve Jobs tiene en México, pues a la fecha, solo contaban con distribuidores autorizados como iShop o MacStore.",cienciaYtecnologia
131530,10,14,16,"Amazon va contra Spotify y Apple Music y lanza servicio de música",http://www.razon.com.mx/spip.php?article324510," Cuenta con un catálogo de decenas de millones de canciones; tendrá un costo de ocho dólares mensuales ",cienciaYtecnologia
131544,10,14,16,"Tras crisis de Samsung, ahora explota un iPhone 7",http://www.razon.com.mx/spip.php?article323391," Un cliente reportó que cuando recibió el quipo éste ya había explotado; hasta el momento Apple no se ha pronunciado por el caso ",cienciaYtecnologia
131545,10,14,16,"VIDEO Joven destruye iPhones con bola de acero en una tienda Apple",http://www.razon.com.mx/spip.php?article323316," Acusa que la marca no respetó la garantía de su equipo y no le devolvió su dinero; los daños se calculan en miles de euros ",cienciaYtecnologia
131587,10,15,16,"Video: Revelan detalles del iPhone 8; podría salir en 2018",http://www.aztecanoticias.com.mx/notas/tecnologia-y-educacion/261500/video-revelan-detalles-del-iphone-8-podria-salir-en-2018,"Una filial de Apple en Israel hizo públicos algunos detalles del siguiente modelo que llegará al mercado.",cienciaYtecnologia
131609,10,15,16,"¿Cómo es la primera tienda Apple en México?",http://www.aztecanoticias.com.mx/notas/tecnologia-y-educacion/260981/-como-es-la-primera-tienda-apple-en-mexico-,"Esta es la primera tienda en su tipo que la marca fundada por Steve Jobs tiene en México, pues a la fecha, solo contaban con distribuidores autorizados como iShop o MacStore.",cienciaYtecnologia
131615,10,15,16,"Amazon va contra Spotify y Apple Music y lanza servicio de música",http://www.razon.com.mx/spip.php?article324510," Cuenta con un catálogo de decenas de millones de canciones; tendrá un costo de ocho dólares mensuales ",cienciaYtecnologia
131629,10,15,16,"Tras crisis de Samsung, ahora explota un iPhone 7",http://www.razon.com.mx/spip.php?article323391," Un cliente reportó que cuando recibió el quipo éste ya había explotado; hasta el momento Apple no se ha pronunciado por el caso ",cienciaYtecnologia
131630,10,15,16,"VIDEO Joven destruye iPhones con bola de acero en una tienda Apple",http://www.razon.com.mx/spip.php?article323316," Acusa que la marca no respetó la garantía de su equipo y no le devolvió su dinero; los daños se calculan en miles de euros ",cienciaYtecnologia
131673,10,16,16,"Video: Revelan detalles del iPhone 8; podría salir en 2018",http://www.aztecanoticias.com.mx/notas/tecnologia-y-educacion/261500/video-revelan-detalles-del-iphone-8-podria-salir-en-2018,"Una filial de Apple en Israel hizo públicos algunos detalles del siguiente modelo que llegará al mercado.",cienciaYtecnologia
131695,10,16,16,"¿Cómo es la primera tienda Apple en México?",http://www.aztecanoticias.com.mx/notas/tecnologia-y-educacion/260981/-como-es-la-primera-tienda-apple-en-mexico-,"Esta es la primera tienda en su tipo que la marca fundada por Steve Jobs tiene en México, pues a la fecha, solo contaban con distribuidores autorizados como iShop o MacStore.",cienciaYtecnologia
131701,10,16,16,"Amazon va contra Spotify y Apple Music y lanza servicio de música",http://www.razon.com.mx/spip.php?article324510," Cuenta con un catálogo de decenas de millones de canciones; tendrá un costo de ocho dólares mensuales ",cienciaYtecnologia
131715,10,16,16,"Tras crisis de Samsung, ahora explota un iPhone 7",http://www.razon.com.mx/spip.php?article323391," Un cliente reportó que cuando recibió el quipo éste ya había explotado; hasta el momento Apple no se ha pronunciado por el caso ",cienciaYtecnologia
131716,10,16,16,"VIDEO Joven destruye iPhones con bola de acero en una tienda Apple",http://www.razon.com.mx/spip.php?article323316," Acusa que la marca no respetó la garantía de su equipo y no le devolvió su dinero; los daños se calculan en miles de euros ",cienciaYtecnologia
131758,10,17,16,"Video: Revelan detalles del iPhone 8; podría salir en 2018",http://www.aztecanoticias.com.mx/notas/tecnologia-y-educacion/261500/video-revelan-detalles-del-iphone-8-podria-salir-en-2018,"Una filial de Apple en Israel hizo públicos algunos detalles del siguiente modelo que llegará al mercado.",cienciaYtecnologia
131780,10,17,16,"¿Cómo es la primera tienda Apple en México?",http://www.aztecanoticias.com.mx/notas/tecnologia-y-educacion/260981/-como-es-la-primera-tienda-apple-en-mexico-,"Esta es la primera tienda en su tipo que la marca fundada por Steve Jobs tiene en México, pues a la fecha, solo contaban con distribuidores autorizados como iShop o MacStore.",cienciaYtecnologia
131786,10,17,16,"Amazon va contra Spotify y Apple Music y lanza servicio de música",http://www.razon.com.mx/spip.php?article324510," Cuenta con un catálogo de decenas de millones de canciones; tendrá un costo de ocho dólares mensuales ",cienciaYtecnologia
131800,10,17,16,"Tras crisis de Samsung, ahora explota un iPhone 7",http://www.razon.com.mx/spip.php?article323391," Un cliente reportó que cuando recibió el quipo éste ya había explotado; hasta el momento Apple no se ha pronunciado por el caso ",cienciaYtecnologia
131801,10,17,16,"VIDEO Joven destruye iPhones con bola de acero en una tienda Apple",http://www.razon.com.mx/spip.php?article323316," Acusa que la marca no respetó la garantía de su equipo y no le devolvió su dinero; los daños se calculan en miles de euros ",cienciaYtecnologia
131849,10,18,16,"Video: Revelan detalles del iPhone 8; podría salir en 2018",http://www.aztecanoticias.com.mx/notas/tecnologia-y-educacion/261500/video-revelan-detalles-del-iphone-8-podria-salir-en-2018,"Una filial de Apple en Israel hizo públicos algunos detalles del siguiente modelo que llegará al mercado.",cienciaYtecnologia
131871,10,18,16,"¿Cómo es la primera tienda Apple en México?",http://www.aztecanoticias.com.mx/notas/tecnologia-y-educacion/260981/-como-es-la-primera-tienda-apple-en-mexico-,"Esta es la primera tienda en su tipo que la marca fundada por Steve Jobs tiene en México, pues a la fecha, solo contaban con distribuidores autorizados como iShop o MacStore.",cienciaYtecnologia
131875,10,18,16,"Amazon va contra Spotify y Apple Music y lanza servicio de música",http://www.razon.com.mx/spip.php?article324510," Cuenta con un catálogo de decenas de millones de canciones; tendrá un costo de ocho dólares mensuales ",cienciaYtecnologia
131889,10,18,16,"Tras crisis de Samsung, ahora explota un iPhone 7",http://www.razon.com.mx/spip.php?article323391," Un cliente reportó que cuando recibió el quipo éste ya había explotado; hasta el momento Apple no se ha pronunciado por el caso ",cienciaYtecnologia
131890,10,18,16,"VIDEO Joven destruye iPhones con bola de acero en una tienda Apple",http://www.razon.com.mx/spip.php?article323316," Acusa que la marca no respetó la garantía de su equipo y no le devolvió su dinero; los daños se calculan en miles de euros ",cienciaYtecnologia
131896,10,18,16,"Lanzan actualización exclusiva para iPhone 7",http://www.lacronica.com/EdicionEnlinea/Notas/CienciayTecnologia/17102016/1140059-Lanzan-actualizacion-exclusiva-para-iPhone-7.html," Si tienes un  iPhone 7 , es momento de actualizar el sistema operativo,  Apple  lanzó una nueva versión que resuelve algunos errores relacionados con la pérdida de conectividad celular de los equipos. De acuerdo con información de SDP Noticias,  la nueva actualización 10.0.3 resuelve también otros errores, además incluye el mismo contenido de seguridad que la versión 10.0.1.  iOS 10  ha recibido gran aceptación desde su lanzamiento, y ha sido instalada en más de la mitad de los dispositivos en los que esta disponible.Este sería la segunda actualización para iOS 10 que trata de resolver problemas con la red celular.",cienciaYtecnologia
131937,10,18,16,"Video: Revelan detalles del iPhone 8; podría salir en 2018",http://www.aztecanoticias.com.mx/notas/tecnologia-y-educacion/261500/video-revelan-detalles-del-iphone-8-podria-salir-en-2018,"Una filial de Apple en Israel hizo públicos algunos detalles del siguiente modelo que llegará al mercado.",cienciaYtecnologia
131959,10,18,16,"¿Cómo es la primera tienda Apple en México?",http://www.aztecanoticias.com.mx/notas/tecnologia-y-educacion/260981/-como-es-la-primera-tienda-apple-en-mexico-,"Esta es la primera tienda en su tipo que la marca fundada por Steve Jobs tiene en México, pues a la fecha, solo contaban con distribuidores autorizados como iShop o MacStore.",cienciaYtecnologia
131963,10,18,16,"Amazon va contra Spotify y Apple Music y lanza servicio de música",http://www.razon.com.mx/spip.php?article324510," Cuenta con un catálogo de decenas de millones de canciones; tendrá un costo de ocho dólares mensuales ",cienciaYtecnologia
131977,10,18,16,"Tras crisis de Samsung, ahora explota un iPhone 7",http://www.razon.com.mx/spip.php?article323391," Un cliente reportó que cuando recibió el quipo éste ya había explotado; hasta el momento Apple no se ha pronunciado por el caso ",cienciaYtecnologia
131978,10,18,16,"VIDEO Joven destruye iPhones con bola de acero en una tienda Apple",http://www.razon.com.mx/spip.php?article323316," Acusa que la marca no respetó la garantía de su equipo y no le devolvió su dinero; los daños se calculan en miles de euros ",cienciaYtecnologia
131984,10,18,16,"Lanzan actualización exclusiva para iPhone 7",http://www.lacronica.com/EdicionEnlinea/Notas/CienciayTecnologia/17102016/1140059-Lanzan-actualizacion-exclusiva-para-iPhone-7.html," Si tienes un  iPhone 7 , es momento de actualizar el sistema operativo,  Apple  lanzó una nueva versión que resuelve algunos errores relacionados con la pérdida de conectividad celular de los equipos. De acuerdo con información de SDP Noticias,  la nueva actualización 10.0.3 resuelve también otros errores, además incluye el mismo contenido de seguridad que la versión 10.0.1.  iOS 10  ha recibido gran aceptación desde su lanzamiento, y ha sido instalada en más de la mitad de los dispositivos en los que esta disponible.Este sería la segunda actualización para iOS 10 que trata de resolver problemas con la red celular.",cienciaYtecnologia
148490,10,20,16,"Video: Revelan detalles del iPhone 8; podría salir en 2018",http://www.aztecanoticias.com.mx/notas/tecnologia-y-educacion/261500/video-revelan-detalles-del-iphone-8-podria-salir-en-2018,"Una filial de Apple en Israel hizo públicos algunos detalles del siguiente modelo que llegará al mercado.",cienciaYtecnologia
148659,10,20,16,"Amazon va contra Spotify y Apple Music y lanza servicio de música",http://www.razon.com.mx/spip.php?article324510," Cuenta con un catálogo de decenas de millones de canciones; tendrá un costo de ocho dólares mensuales ",cienciaYtecnologia
148673,10,20,16,"Tras crisis de Samsung, ahora explota un iPhone 7",http://www.razon.com.mx/spip.php?article323391," Un cliente reportó que cuando recibió el quipo éste ya había explotado; hasta el momento Apple no se ha pronunciado por el caso ",cienciaYtecnologia
